insert into t_groups(_id,group_name,removable)values(1,'默认分组','2');
insert into t_groups(_id,group_name,removable)values(2,'其他','2');
insert into t_sys_param(_id,param_code,param_desc,param_value,configable,param_type)values(1,'autoSave','自动保存','1',1,'sys');
insert into t_sys_param(_id,param_code,param_desc,param_value,configable,param_type)values(2,'soundOnSaveSucceed','保存成功时声音提醒','1',1,'sys');
insert into t_sys_param(_id,param_code,param_desc,param_value,configable,param_type)values(3,'soundOnSaveFail','保存失败时声音提醒','1',1,'sys');
insert into t_sys_param(_id,param_code,param_desc,param_value,configable,param_type)values(4,'soundOnUploadSucceed','上传成功时声音提醒','1',1,'sys');
insert into t_sys_param(_id,param_code,param_desc,param_value,configable,param_type)values(5,'soundOnUploadFail','上传失败时声音提醒','1',1,'sys');
insert into t_sys_param(_id,param_code,param_desc,param_value,configable,param_type)values(6,'uploadByBluetooth','通过蓝牙上传','1',1,'sys');
insert into t_sys_param(_id,param_code,param_desc,param_value,configable,param_type)values(7,'bluetoothName','蓝牙设备名称','',1,'sys');
insert into t_sys_param(_id,param_code,param_desc,param_value,configable,param_type)values(8,'bluetoothMAC','蓝牙设备地址','',1,'sys');
insert into t_sys_param(_id,param_code,param_desc,param_value,configable,param_type)values(9,'uploadByWIFI','通过WIFI上传','1',1,'sys');
insert into t_sys_param(_id,param_code,param_desc,param_value,configable,param_type)values(10,'WIFIName','服务器地址','',1,'sys');


delete from t_bed;

insert into t_bed (_id,bed_no) values(1,'1');
insert into t_bed (_id,bed_no) values(2,'2');
insert into t_bed (_id,bed_no) values(3,'3');
insert into t_bed (_id,bed_no) values(4,'4');
insert into t_bed (_id,bed_no) values(5,'001');
insert into t_bed (_id,bed_no) values(6,'5');
insert into t_bed (_id,bed_no) values(7,'6');
insert into t_bed (_id,bed_no) values(8,'7');
insert into t_bed (_id,bed_no) values(10,'8');
insert into t_bed (_id,bed_no) values(11,'9');
insert into t_bed (_id,bed_no) values(12,'10');
insert into t_bed (_id,bed_no) values(13,'11');
insert into t_bed (_id,bed_no) values(14,'12');
insert into t_bed (_id,bed_no) values(15,'13');
insert into t_bed (_id,bed_no) values(16,'13B');
insert into t_bed (_id,bed_no) values(17,'15');
insert into t_bed (_id,bed_no) values(18,'16');
insert into t_bed (_id,bed_no) values(19,'17');
insert into t_bed (_id,bed_no) values(20,'18');
insert into t_bed (_id,bed_no) values(21,'19');
insert into t_bed (_id,bed_no) values(22,'20');
insert into t_bed (_id,bed_no) values(23,'21');
insert into t_bed (_id,bed_no) values(24,'22');
insert into t_bed (_id,bed_no) values(25,'23');
insert into t_bed (_id,bed_no) values(26,'29');
insert into t_bed (_id,bed_no) values(27,'30');
insert into t_bed (_id,bed_no) values(28,'31');
insert into t_bed (_id,bed_no) values(29,'32');
insert into t_bed (_id,bed_no) values(30,'33');
insert into t_bed (_id,bed_no) values(31,'34');
insert into t_bed (_id,bed_no) values(32,'35');
insert into t_bed (_id,bed_no) values(33,'36');
insert into t_bed (_id,bed_no) values(34,'37');
insert into t_bed (_id,bed_no) values(35,'38');
insert into t_bed (_id,bed_no) values(36,'39');
insert into t_bed (_id,bed_no) values(37,'40');
insert into t_bed (_id,bed_no) values(38,'41');
insert into t_bed (_id,bed_no) values(39,'42');
insert into t_bed (_id,bed_no) values(40,'43');
insert into t_bed (_id,bed_no) values(41,'43B');
insert into t_bed (_id,bed_no) values(42,'45');
insert into t_bed (_id,bed_no) values(43,'46');
insert into t_bed (_id,bed_no) values(44,'25');
insert into t_bed (_id,bed_no) values(45,'26');
insert into t_bed (_id,bed_no) values(46,'28');
insert into t_bed (_id,bed_no) values(47,'50');

delete from t_group_beds;

insert into t_group_beds(_id,bed_id,groups_id)values(1	,1	,1);
insert into t_group_beds(_id,bed_id,groups_id)values(2	,2	,1);
insert into t_group_beds(_id,bed_id,groups_id)values(3	,3	,1);
insert into t_group_beds(_id,bed_id,groups_id)values(4	,4	,1);
insert into t_group_beds(_id,bed_id,groups_id)values(5	,5	,1);
insert into t_group_beds(_id,bed_id,groups_id)values(6	,6	,1);
insert into t_group_beds(_id,bed_id,groups_id)values(7	,7	,1);
insert into t_group_beds(_id,bed_id,groups_id)values(8	,8	,1);
insert into t_group_beds(_id,bed_id,groups_id)values(10 ,10 ,1);
insert into t_group_beds(_id,bed_id,groups_id)values(11 ,11 ,1);
insert into t_group_beds(_id,bed_id,groups_id)values(12 ,12 ,1);
insert into t_group_beds(_id,bed_id,groups_id)values(13 ,13 ,1);
insert into t_group_beds(_id,bed_id,groups_id)values(14 ,14 ,1);
insert into t_group_beds(_id,bed_id,groups_id)values(15 ,15 ,1);
insert into t_group_beds(_id,bed_id,groups_id)values(16 ,16 ,1);
insert into t_group_beds(_id,bed_id,groups_id)values(17 ,17 ,1);
insert into t_group_beds(_id,bed_id,groups_id)values(18 ,18 ,1);
insert into t_group_beds(_id,bed_id,groups_id)values(19 ,19 ,1);
insert into t_group_beds(_id,bed_id,groups_id)values(20 ,20 ,1);
insert into t_group_beds(_id,bed_id,groups_id)values(21 ,21 ,1);
insert into t_group_beds(_id,bed_id,groups_id)values(22 ,22 ,1);
insert into t_group_beds(_id,bed_id,groups_id)values(23 ,23 ,1);
insert into t_group_beds(_id,bed_id,groups_id)values(24 ,24 ,1);
insert into t_group_beds(_id,bed_id,groups_id)values(25 ,25 ,1);
insert into t_group_beds(_id,bed_id,groups_id)values(26 ,26 ,1);
insert into t_group_beds(_id,bed_id,groups_id)values(27 ,27 ,1);
insert into t_group_beds(_id,bed_id,groups_id)values(28 ,28 ,1);
insert into t_group_beds(_id,bed_id,groups_id)values(29 ,29 ,1);
insert into t_group_beds(_id,bed_id,groups_id)values(30 ,30 ,1);
insert into t_group_beds(_id,bed_id,groups_id)values(31 ,31 ,1);
insert into t_group_beds(_id,bed_id,groups_id)values(32 ,32 ,1);
insert into t_group_beds(_id,bed_id,groups_id)values(33 ,33 ,1);
insert into t_group_beds(_id,bed_id,groups_id)values(34 ,34 ,1);
insert into t_group_beds(_id,bed_id,groups_id)values(35 ,35 ,1);
insert into t_group_beds(_id,bed_id,groups_id)values(36 ,36 ,1);
insert into t_group_beds(_id,bed_id,groups_id)values(37 ,37 ,1);
insert into t_group_beds(_id,bed_id,groups_id)values(38 ,38 ,1);
insert into t_group_beds(_id,bed_id,groups_id)values(39 ,39 ,1);
insert into t_group_beds(_id,bed_id,groups_id)values(40 ,40 ,1);
insert into t_group_beds(_id,bed_id,groups_id)values(41 ,41 ,1);
insert into t_group_beds(_id,bed_id,groups_id)values(42 ,42 ,1);
insert into t_group_beds(_id,bed_id,groups_id)values(43 ,43 ,1);
insert into t_group_beds(_id,bed_id,groups_id)values(44 ,44 ,1);
insert into t_group_beds(_id,bed_id,groups_id)values(45 ,45 ,1);
insert into t_group_beds(_id,bed_id,groups_id)values(46 ,46 ,1);
insert into t_group_beds(_id,bed_id,groups_id)values(47 ,47 ,1);
